name,size,percent_used,index_scans,seq_scans,unused
public.spatial_ref_sys_pkey,208 kB,100%,10330,0,f
public.profiles_email_key,48 kB,100%,20,0,f
public.idx_jobs_subtrade_pay_rates,24 kB,0%,0,0,t
public.notification_preferences_pkey,16 kB,100%,110,0,f
public.user_moderation_actions_pkey,16 kB,100%,14,0,f
public.idx_certifications_category,16 kB,100%,46,0,f
public.idx_job_applications_job_id,16 kB,100%,2,0,f
public.jobs_pkey,16 kB,100%,341,0,f
public.professional_references_pkey,16 kB,100%,19,0,f
public.idx_education_user_id,16 kB,100%,108,0,f
public.idx_application_drafts_job,16 kB,100%,31,0,f
public.idx_experiences_user_id,16 kB,100%,64,0,f
public.idx_certifications_expires_at,16 kB,0%,0,0,t
public.idx_application_drafts_expires,16 kB,100%,10,0,f
public.platform_settings_pkey,16 kB,100%,12,0,f
public.idx_application_drafts_applicant,16 kB,100%,6,0,f
public.idx_conversations_last_message,16 kB,0%,0,0,t
public.idx_messages_conversation_id,16 kB,100%,4044,0,f
public.education_pkey,16 kB,100%,23,0,f
public.work_experience_pkey,16 kB,100%,23,0,f
public.application_drafts_pkey,16 kB,100%,19,0,f
public.idx_jobs_created_at,16 kB,0%,0,0,t
public.application_drafts_job_id_worker_id_key,16 kB,100%,168,0,f
public.idx_job_applications_job_status,16 kB,100%,155,0,f
public.idx_job_applications_applicant_id,16 kB,100%,10,0,f
public.idx_admin_activity_target,16 kB,0%,0,0,t
public.idx_professional_references_user_id,16 kB,100%,86,0,f
public.idx_certifications_type,16 kB,0%,0,0,t
public.idx_certifications_issuing_state,16 kB,0%,0,0,t
public.idx_subscriptions_stripe_customer_id,16 kB,100%,15,0,f
public.idx_profile_views_viewer,16 kB,100%,11,0,f
public.idx_conversations_participant_2,16 kB,100%,972,0,f
public.idx_messages_created_at,16 kB,100%,1,0,f
public.profiles_pkey,16 kB,100%,9128,0,f
public.idx_conversations_participant_1,16 kB,100%,972,0,f
public.idx_certifications_verification_status,16 kB,100%,447,0,f
public.idx_admin_activity_admin,16 kB,100%,54,0,f
public.idx_certifications_verified_by,16 kB,100%,54,0,f
public.unique_conversation,16 kB,100%,6,0,f
public.idx_profile_views_viewed_profile,16 kB,100%,11,0,f
public.idx_user_moderation_user,16 kB,100%,1016,0,f
public.subscriptions_stripe_customer_id_key,16 kB,0%,0,0,t
public.unique_application,16 kB,0%,0,0,t
public.conversations_pkey,16 kB,100%,4353,0,f
public.idx_job_applications_status,16 kB,0%,0,0,t
public.idx_certifications_user_id,16 kB,100%,231,0,f
public.messages_pkey,16 kB,100%,21,0,f
public.idx_subscriptions_user_id,16 kB,100%,544,0,f
public.experiences_pkey,16 kB,100%,21,0,f
public.job_applications_pkey,16 kB,100%,41,0,f
public.idx_messages_sender_id,16 kB,100%,64,0,f
public.idx_profiles_is_profile_boosted,16 kB,100%,1,0,f
public.idx_profile_views_viewer_id,16 kB,100%,55,0,f
public.profile_views_pkey,16 kB,100%,36,0,f
public.idx_work_experience_user_id,16 kB,100%,104,0,f
public.idx_jobs_trade,16 kB,0%,0,0,t
public.idx_profiles_trade,16 kB,0%,0,0,t
public.subscriptions_user_id_key,16 kB,0%,0,0,t
public.admin_activity_log_pkey,16 kB,100%,17,0,f
public.idx_job_applications_worker_created,16 kB,100%,300,0,f
public.idx_user_moderation_expires,16 kB,0%,0,0,t
public.subscriptions_stripe_subscription_id_key,16 kB,100%,5,0,f
public.idx_jobs_employer_id,16 kB,100%,125,0,f
public.idx_admin_activity_date,16 kB,100%,3,0,f
public.idx_profile_views_viewed_profile_id,16 kB,100%,2325,0,f
public.idx_profiles_role,16 kB,0%,0,0,t
public.certifications_pkey,16 kB,100%,43,0,f
public.idx_jobs_status,16 kB,100%,72,0,f
public.subscriptions_pkey,16 kB,100%,24,0,f
public.idx_endorsement_requests_experience_id,8192 bytes,0%,0,0,t
public.idx_content_reports_status,8192 bytes,100%,43,0,f
public.idx_analytics_events_type,8192 bytes,0%,0,0,t
public.idx_endorsements_experience_id,8192 bytes,100%,7,0,f
public.unique_endorsement_request,8192 bytes,0%,0,0,t
public.endorsements_pkey,8192 bytes,100%,20,0,f
public.unique_endorsement,8192 bytes,0%,0,0,t
public.idx_job_views_user_id,8192 bytes,100%,64,0,f
public.notifications_pkey,8192 bytes,100%,43,0,f
public.endorsement_requests_pkey,8192 bytes,100%,19,0,f
public.idx_analytics_events_user,8192 bytes,100%,54,0,f
public.idx_endorsements_endorsed_by_user_id,8192 bytes,100%,54,0,f
public.idx_profiles_coords,8192 bytes,100%,5,0,f
public.idx_notifications_user_unread,8192 bytes,100%,3008,0,f
public.idx_content_reports_reporter,8192 bytes,100%,54,0,f
public.unique_alert,8192 bytes,0%,0,0,t
public.idx_portfolio_images_user_id,8192 bytes,100%,32,0,f
public.job_views_pkey,8192 bytes,100%,27,0,f
public.content_reports_pkey,8192 bytes,100%,19,0,f
public.idx_notifications_read,8192 bytes,100%,18,0,f
public.unique_view,8192 bytes,0%,0,0,t
public.idx_job_views_viewer_id,8192 bytes,100%,54,0,f
public.idx_notifications_created_at,8192 bytes,0%,0,0,t
public.idx_content_reports_date,8192 bytes,0%,0,0,t
public.idx_profiles_lifetime_pro,8192 bytes,0%,0,0,t
public.idx_notifications_read_at,8192 bytes,100%,336,0,f
public.idx_endorsement_requests_employer_id,8192 bytes,100%,54,0,f
public.unique_user_order,8192 bytes,0%,0,0,t
public.portfolio_images_pkey,8192 bytes,100%,3,0,f
public.proximity_alerts_pkey,8192 bytes,100%,26,0,f
public.analytics_events_pkey,8192 bytes,100%,12,0,f
public.idx_job_views_job_id,8192 bytes,100%,21,0,f
public.idx_notifications_user_id,8192 bytes,0%,0,0,t
public.idx_jobs_coords,8192 bytes,0%,0,0,t
public.idx_analytics_events_date,8192 bytes,0%,0,0,t
public.idx_content_reports_reported_user,8192 bytes,100%,54,0,f
public.idx_endorsement_requests_worker_id,8192 bytes,100%,54,0,f
public.idx_proximity_alerts_job_id,8192 bytes,100%,13,0,f
public.idx_job_views_session,8192 bytes,100%,15,0,f
public.idx_proximity_alerts_user_id,8192 bytes,100%,78,0,f
